{"cameraMode":{"drawMode":0,"name":"Shaded","section":"Shading Mode"},"sceneLighting":true,"audioPlay":false,"sceneViewState":{"showFog":true,"showMaterialUpdate":false,"showSkybox":true,"showFlares":true,"showImageEffects":true,"showParticleSystems":true},"in2DMode":false,"pivot":{"x":1009.4195556640625,"y":664.16650390625,"z":-160.25059509277345},"rotation":{"x":-0.0010638892417773605,"y":0.9716836214065552,"z":-0.2362428903579712,"w":-0.004372494760900736},"size":2936.195556640625,"orthographic":true}